query_no,query,content_type,query_length,source_url,response_time,success,error,timestamp
1,What is this about?,web,short,https://en.wikipedia.org/wiki/Retrieval-augmented_generation,1.11,True,,2026-05-03T08:26:29.093162
2,What is the main topic?,web,short,https://en.wikipedia.org/wiki/Large_language_model,0.61,True,,2026-05-03T08:26:32.712199
3,What problem does this solve?,web,short,https://en.wikipedia.org/wiki/Retrieval-augmented_generation,1.34,True,,2026-05-03T08:26:37.058137
4,What is the key idea?,web,short,https://en.wikipedia.org/wiki/Large_language_model,1.01,True,,2026-05-03T08:26:41.079686
5,What method is used?,web,short,https://en.wikipedia.org/wiki/Retrieval-augmented_generation,1.01,True,,2026-05-03T08:26:45.094604
6,Summarize the main points of this content.,web,medium,https://en.wikipedia.org/wiki/Retrieval-augmented_generation,1.46,True,,2026-05-03T08:26:49.558848
7,What are the key contributions described here?,web,medium,https://en.wikipedia.org/wiki/Large_language_model,1.35,True,,2026-05-03T08:26:53.914551
8,Explain the approach taken in this work.,web,medium,https://en.wikipedia.org/wiki/Retrieval-augmented_generation,1.12,True,,2026-05-03T08:26:58.043180
9,What limitations are acknowledged by the authors?,web,medium,https://en.wikipedia.org/wiki/Large_language_model,1.4,True,,2026-05-03T08:27:02.458427
10,What are the practical applications of this work?,web,medium,https://en.wikipedia.org/wiki/Retrieval-augmented_generation,1.33,True,,2026-05-03T08:27:06.787921
11,Provide a comprehensive analysis of all key concepts discuss...,web,long,https://en.wikipedia.org/wiki/Retrieval-augmented_generation,5.47,True,,2026-05-03T08:27:15.258794
12,"Explain in detail the experimental setup, the results obtain...",web,long,https://en.wikipedia.org/wiki/Large_language_model,6.65,True,,2026-05-03T08:27:24.911973
13,Describe the full system architecture including all componen...,web,long,https://en.wikipedia.org/wiki/Retrieval-augmented_generation,6.91,True,,2026-05-03T08:27:34.838142
14,Compare and contrast the approach described here with existi...,web,long,https://en.wikipedia.org/wiki/Large_language_model,4.59,True,,2026-05-03T08:27:42.431503
15,"Summarize the entire document covering motivation, methods, ...",web,long,https://en.wikipedia.org/wiki/Retrieval-augmented_generation,7.68,True,,2026-05-03T08:27:53.131679
16,What is this about?,pdf,short,https://arxiv.org/pdf/1706.03762,6.82,True,,2026-05-03T08:28:02.957063
17,What is the main topic?,pdf,short,https://arxiv.org/pdf/2005.11401,8.34,True,,2026-05-03T08:28:14.304774
18,What problem does this solve?,pdf,short,https://arxiv.org/pdf/1706.03762,7.4,True,,2026-05-03T08:28:24.717254
19,What is the key idea?,pdf,short,https://arxiv.org/pdf/2005.11401,2.32,True,,2026-05-03T08:28:30.043150
20,What method is used?,pdf,short,https://arxiv.org/pdf/1706.03762,11.17,True,,2026-05-03T08:28:44.225457
21,Summarize the main points of this content.,pdf,medium,https://arxiv.org/pdf/1706.03762,1.54,True,,2026-05-03T08:28:48.769899
22,What are the key contributions described here?,pdf,medium,https://arxiv.org/pdf/2005.11401,7.31,True,,2026-05-03T08:28:59.096864
23,Explain the approach taken in this work.,pdf,medium,https://arxiv.org/pdf/1706.03762,8.26,True,,2026-05-03T08:29:10.355951
24,What limitations are acknowledged by the authors?,pdf,medium,https://arxiv.org/pdf/2005.11401,8.67,True,,2026-05-03T08:29:22.042983
25,What are the practical applications of this work?,pdf,medium,https://arxiv.org/pdf/1706.03762,5.41,True,,2026-05-03T08:29:30.457284
26,Provide a comprehensive analysis of all key concepts discuss...,pdf,long,https://arxiv.org/pdf/1706.03762,6.82,True,,2026-05-03T08:29:40.284880
27,"Explain in detail the experimental setup, the results obtain...",pdf,long,https://arxiv.org/pdf/2005.11401,7.69,True,,2026-05-03T08:29:50.976448
28,Describe the full system architecture including all componen...,pdf,long,https://arxiv.org/pdf/1706.03762,6.56,True,,2026-05-03T08:30:00.551139
29,Compare and contrast the approach described here with existi...,pdf,long,https://arxiv.org/pdf/2005.11401,8.06,True,,2026-05-03T08:30:11.626665
30,"Summarize the entire document covering motivation, methods, ...",pdf,long,https://arxiv.org/pdf/1706.03762,6.68,True,,2026-05-03T08:30:21.311237
31,"Hello, how are you?",general,short,N/A,0.44,True,,2026-05-03T08:30:24.782492
32,What can you help me with?,general,short,N/A,0.66,True,,2026-05-03T08:30:28.450866
33,Who are you?,general,short,N/A,0.54,True,,2026-05-03T08:30:31.995740
34,What do you do?,general,short,N/A,1.02,True,,2026-05-03T08:30:36.025185
35,Can you help me?,general,short,N/A,0.74,True,,2026-05-03T08:30:39.769867
36,What is machine learning and how does it work?,general,medium,N/A,1.27,True,,2026-05-03T08:30:44.058281
37,Can you explain what artificial intelligence is?,general,medium,N/A,1.01,True,,2026-05-03T08:30:48.072426
38,What is the difference between AI and machine learning?,general,medium,N/A,1.64,True,,2026-05-03T08:30:52.711497
39,How does a neural network learn from data?,general,medium,N/A,7.95,True,,2026-05-03T08:31:03.673746
40,Explain what a large language model is.,general,medium,N/A,10.36,True,,2026-05-03T08:31:17.051080
41,Can you give me a detailed explanation of how retrieval-augm...,general,long,N/A,0.21,True,,2026-05-03T08:31:20.261083
42,Describe in detail what makes transformer-based models effec...,general,long,N/A,0.29,True,,2026-05-03T08:31:23.559579
43,"What are the main differences between supervised, unsupervis...",general,long,N/A,2.28,True,,2026-05-03T08:31:28.841590
44,Explain thoroughly how attention mechanisms work in neural n...,general,long,N/A,2.05,True,,2026-05-03T08:31:33.898606
45,Can you explain in detail how vector databases work and why ...,general,long,N/A,2.32,True,,2026-05-03T08:31:39.217180
