index,content_type,url,load_time,success,error,timestamp
1,Web/Wikipedia,https://en.wikipedia.org/wiki/Retrieval-augmented_generation,7.08,True,,2026-05-03T11:11:32.588797
2,Web/Wikipedia,https://en.wikipedia.org/wiki/Large_language_model,14.45,True,,2026-05-03T11:11:48.043077
3,Web/Wikipedia,https://en.wikipedia.org/wiki/Natural_language_processing,6.61,True,,2026-05-03T11:11:55.666880
4,Web/Wikipedia,https://en.wikipedia.org/wiki/Transformer_(machine_learning_model),11.01,True,,2026-05-03T11:12:07.684591
5,Web/Wikipedia,https://en.wikipedia.org/wiki/Vector_database,2.08,True,,2026-05-03T11:12:10.776873
6,Web/Wikipedia,https://en.wikipedia.org/wiki/Artificial_intelligence,26.02,True,,2026-05-03T11:12:37.792332
7,Web/Wikipedia,https://en.wikipedia.org/wiki/Deep_learning,16.93,True,,2026-05-03T11:12:55.733557
8,Web/Wikipedia,https://en.wikipedia.org/wiki/Chatbot,5.98,True,,2026-05-03T11:13:02.725541
9,Web/Wikipedia,https://en.wikipedia.org/wiki/Knowledge_graph,2.68,True,,2026-05-03T11:13:06.415660
10,Web/Wikipedia,https://en.wikipedia.org/wiki/Machine_learning,14.82,True,,2026-05-03T11:13:22.244934
1,PDF/ArXiv,https://arxiv.org/pdf/1706.03762,6.65,True,,2026-05-03T11:13:29.897103
2,PDF/ArXiv,https://arxiv.org/pdf/1810.04805,9.19,True,,2026-05-03T11:13:40.094320
3,PDF/ArXiv,https://arxiv.org/pdf/2005.11401,10.07,True,,2026-05-03T11:13:51.172331
4,PDF/ArXiv,https://arxiv.org/pdf/2106.09685,18.52,True,,2026-05-03T11:14:10.712179
5,PDF/ArXiv,https://arxiv.org/pdf/1910.10683,32.44,True,,2026-05-03T11:14:44.168480
6,PDF/ArXiv,https://arxiv.org/pdf/2302.13971,14.82,True,,2026-05-03T11:14:59.994429
7,PDF/ArXiv,https://arxiv.org/pdf/2307.09288,41.67,True,,2026-05-03T11:15:42.676813
8,PDF/ArXiv,https://arxiv.org/pdf/2204.02311,41.5,True,,2026-05-03T11:16:25.190341
9,PDF/ArXiv,https://arxiv.org/pdf/2112.10403,5.98,True,,2026-05-03T11:16:32.180057
10,PDF/ArXiv,https://arxiv.org/pdf/2203.02155,26.87,True,,2026-05-03T11:17:00.060593
